{"cameraMode":{"drawMode":0,"name":"Shaded","section":"Shading Mode"},"sceneLighting":false,"audioPlay":false,"sceneViewState":{"m_AlwaysRefresh":false,"showFog":true,"showSkybox":false,"showFlares":true,"showImageEffects":true,"showParticleSystems":true,"showVisualEffectGraphs":true,"m_FxEnabled":true},"in2DMode":false,"pivot":{"x":-0.7775219678878784,"y":-0.4507520794868469,"z":4.286727428436279},"rotation":{"x":-0.00431411899626255,"y":0.9953312277793884,"z":-0.08020171523094177,"w":-0.054406750947237018},"size":1.4686765670776368,"orthographic":false}