{"cameraMode":{"drawMode":0,"name":"Shaded","section":"Shading Mode"},"sceneLighting":false,"audioPlay":false,"sceneViewState":{"m_AlwaysRefresh":false,"showFog":true,"showSkybox":false,"showFlares":true,"showImageEffects":true,"showParticleSystems":true,"showVisualEffectGraphs":true,"m_FxEnabled":true},"in2DMode":false,"pivot":{"x":-0.0012483596801757813,"y":0.8574377298355103,"z":-0.013152435421943665},"rotation":{"x":-0.015156068839132786,"y":-0.9819872379302979,"z":0.16653436422348023,"w":-0.08861877024173737},"size":1.1340304613113404,"orthographic":false}