{"cameraMode":{"drawMode":0,"name":"Shaded","section":"Shading Mode"},"sceneLighting":false,"audioPlay":false,"sceneViewState":{"m_AlwaysRefresh":false,"showFog":true,"showSkybox":false,"showFlares":true,"showImageEffects":true,"showParticleSystems":true,"showVisualEffectGraphs":true,"m_FxEnabled":true},"in2DMode":false,"pivot":{"x":0.12916597723960877,"y":-0.2183288186788559,"z":0.45869970321655276},"rotation":{"x":0.05216602981090546,"y":-0.6281641125679016,"z":0.04228414222598076,"w":0.7752057313919067},"size":0.8616009950637817,"orthographic":false}